<?xml version="1.0" encoding="UTF-8"?>
<metadata xml:lang="es"><Esri><CreaDate>20221207</CreaDate><CreaTime>10021600</CreaTime><ArcGISFormat>1.0</ArcGISFormat><SyncOnce>TRUE</SyncOnce><DataProperties><lineage><Process ToolSource="c:\program files (x86)\arcgis\desktop10.8\ArcToolbox\Toolboxes\Data Management Tools.tbx\CopyFeatures" Date="20221207" Time="100216">CopyFeatures E:\Conn_gdb_sernanp.sde\gdb_sernanp.sde.v_areasconservacionregional E:\shape\AreasdeConservacionRegional.shp # 0 0 0</Process></lineage></DataProperties></Esri></metadata>
